{
    "fx": 3018.297651,
    "fy": 3024.585351,
    "cx": 1880.478115,
    "cy": 1452.075585,
    "k1": 0.220922,
    "k2": -0.947784,
    "k3": 1.174592,
    "p1": 0.004201,
    "p2": -0.017608,
    "H": 1440,
    "W": 1920,
    "image_topic": "/usb_cam/image_raw",
    "pose_topic": "/orb_slam3/camera_pose"
}